[{"model": "contenttypes.contenttype", "pk": 1, "fields": {"app_label": "admin", "model": "logentry"}}, {"model": "contenttypes.contenttype", "pk": 2, "fields": {"app_label": "auth", "model": "permission"}}, {"model": "contenttypes.contenttype", "pk": 3, "fields": {"app_label": "auth", "model": "group"}}, {"model": "contenttypes.contenttype", "pk": 4, "fields": {"app_label": "auth", "model": "user"}}, {"model": "contenttypes.contenttype", "pk": 5, "fields": {"app_label": "contenttypes", "model": "contenttype"}}, {"model": "contenttypes.contenttype", "pk": 6, "fields": {"app_label": "sessions", "model": "session"}}, {"model": "contenttypes.contenttype", "pk": 7, "fields": {"app_label": "registro", "model": "descripcion"}}, {"model": "contenttypes.contenttype", "pk": 8, "fields": {"app_label": "registro", "model": "terapia"}}, {"model": "contenttypes.contenttype", "pk": 9, "fields": {"app_label": "registro", "model": "medicamento"}}, {"model": "contenttypes.contenttype", "pk": 10, "fields": {"app_label": "registro", "model": "medico"}}, {"model": "contenttypes.contenttype", "pk": 11, "fields": {"app_label": "registro", "model": "historialmadre"}}, {"model": "contenttypes.contenttype", "pk": 12, "fields": {"app_label": "registro", "model": "gestacion"}}, {"model": "contenttypes.contenttype", "pk": 13, "fields": {"app_label": "registro", "model": "actividad_gestacion"}}, {"model": "contenttypes.contenttype", "pk": 14, "fields": {"app_label": "registro", "model": "situacion_gestacion"}}, {"model": "contenttypes.contenttype", "pk": 15, "fields": {"app_label": "registro", "model": "nacimiento"}}, {"model": "contenttypes.contenttype", "pk": 16, "fields": {"app_label": "registro", "model": "familiar"}}, {"model": "contenttypes.contenttype", "pk": 17, "fields": {"app_label": "registro", "model": "datosfamiliaresotros"}}, {"model": "contenttypes.contenttype", "pk": 18, "fields": {"app_label": "registro", "model": "hermano"}}, {"model": "contenttypes.contenttype", "pk": 19, "fields": {"app_label": "registro", "model": "reciennacido"}}, {"model": "contenttypes.contenttype", "pk": 20, "fields": {"app_label": "registro", "model": "alimentacioncostumbres"}}, {"model": "contenttypes.contenttype", "pk": 21, "fields": {"app_label": "registro", "model": "suplementoalimenticio"}}, {"model": "contenttypes.contenttype", "pk": 22, "fields": {"app_label": "registro", "model": "primerosdias"}}, {"model": "contenttypes.contenttype", "pk": 23, "fields": {"app_label": "registro", "model": "paciente"}}, {"model": "contenttypes.contenttype", "pk": 24, "fields": {"app_label": "cita", "model": "cita"}}, {"model": "contenttypes.contenttype", "pk": 25, "fields": {"app_label": "asistencia", "model": "tipo_terapia"}}, {"model": "contenttypes.contenttype", "pk": 26, "fields": {"app_label": "asistencia", "model": "terapista"}}, {"model": "contenttypes.contenttype", "pk": 27, "fields": {"app_label": "asistencia", "model": "terapia__tipo_terapia"}}, {"model": "sessions.session", "pk": "1hknialhfkhk86k3iu5ilkzh5nbzsi0p", "fields": {"session_data": "MzA2ZmZkZGZiYjFhNjIxNTg3ZjgxZTllOTQ4YTNmYzczNDgwZmE4Mzp7Il9hdXRoX3VzZXJfaGFzaCI6ImNjZjBmMTMzZTc5ZGIzNmQzMjEwNWY2ZGVhNWI3MGMxZWRkYjMxMmUiLCJfYXV0aF91c2VyX2JhY2tlbmQiOiJkamFuZ28uY29udHJpYi5hdXRoLmJhY2tlbmRzLk1vZGVsQmFja2VuZCIsIl9hdXRoX3VzZXJfaWQiOiIxIn0=", "expire_date": "2016-04-28T02:03:52.276Z"}}, {"model": "sessions.session", "pk": "9af4n4hyfqcrasrzos29m6x2a1u3q2hv", "fields": {"session_data": "MzA2ZmZkZGZiYjFhNjIxNTg3ZjgxZTllOTQ4YTNmYzczNDgwZmE4Mzp7Il9hdXRoX3VzZXJfaGFzaCI6ImNjZjBmMTMzZTc5ZGIzNmQzMjEwNWY2ZGVhNWI3MGMxZWRkYjMxMmUiLCJfYXV0aF91c2VyX2JhY2tlbmQiOiJkamFuZ28uY29udHJpYi5hdXRoLmJhY2tlbmRzLk1vZGVsQmFja2VuZCIsIl9hdXRoX3VzZXJfaWQiOiIxIn0=", "expire_date": "2016-04-28T01:57:36.854Z"}}, {"model": "sessions.session", "pk": "e0w25j4zjwuewj61147k3mbxk6zoza5r", "fields": {"session_data": "MzA2ZmZkZGZiYjFhNjIxNTg3ZjgxZTllOTQ4YTNmYzczNDgwZmE4Mzp7Il9hdXRoX3VzZXJfaGFzaCI6ImNjZjBmMTMzZTc5ZGIzNmQzMjEwNWY2ZGVhNWI3MGMxZWRkYjMxMmUiLCJfYXV0aF91c2VyX2JhY2tlbmQiOiJkamFuZ28uY29udHJpYi5hdXRoLmJhY2tlbmRzLk1vZGVsQmFja2VuZCIsIl9hdXRoX3VzZXJfaWQiOiIxIn0=", "expire_date": "2016-04-28T01:55:08.519Z"}}, {"model": "sessions.session", "pk": "fvjv1fsnmu1c00gu32p1v7dxz54t6loh", "fields": {"session_data": "MzA2ZmZkZGZiYjFhNjIxNTg3ZjgxZTllOTQ4YTNmYzczNDgwZmE4Mzp7Il9hdXRoX3VzZXJfaGFzaCI6ImNjZjBmMTMzZTc5ZGIzNmQzMjEwNWY2ZGVhNWI3MGMxZWRkYjMxMmUiLCJfYXV0aF91c2VyX2JhY2tlbmQiOiJkamFuZ28uY29udHJpYi5hdXRoLmJhY2tlbmRzLk1vZGVsQmFja2VuZCIsIl9hdXRoX3VzZXJfaWQiOiIxIn0=", "expire_date": "2016-07-03T16:54:12.185Z"}}, {"model": "sessions.session", "pk": "x2b1njnbc1gly7atxk559rickz4qbsvh", "fields": {"session_data": "MzA2ZmZkZGZiYjFhNjIxNTg3ZjgxZTllOTQ4YTNmYzczNDgwZmE4Mzp7Il9hdXRoX3VzZXJfaGFzaCI6ImNjZjBmMTMzZTc5ZGIzNmQzMjEwNWY2ZGVhNWI3MGMxZWRkYjMxMmUiLCJfYXV0aF91c2VyX2JhY2tlbmQiOiJkamFuZ28uY29udHJpYi5hdXRoLmJhY2tlbmRzLk1vZGVsQmFja2VuZCIsIl9hdXRoX3VzZXJfaWQiOiIxIn0=", "expire_date": "2016-06-28T04:26:24.858Z"}}, {"model": "registro.descripcion", "pk": 1, "fields": {"preocupacion": "Nada", "disc_molestias": "papa", "edad_disc_molestia": 2, "tratamiento": false, "lugar_tratamiento": "", "limitaciones_movimiento": 1, "areas_dificultad": "comportamiento", "had_convulsion": 1, "tipo_crisis": "asas", "edad_crisis": 2}}, {"model": "registro.descripcion", "pk": 2, "fields": {"preocupacion": "Nada", "disc_molestias": "papa", "edad_disc_molestia": 2, "tratamiento": false, "lugar_tratamiento": "", "limitaciones_movimiento": 1, "areas_dificultad": "comportamiento", "had_convulsion": 1, "tipo_crisis": "asas", "edad_crisis": 2}}, {"model": "registro.descripcion", "pk": 3, "fields": {"preocupacion": "asdfasdfasdf", "disc_molestias": "papa", "edad_disc_molestia": 12, "tratamiento": true, "lugar_tratamiento": "lugar tratamiento", "limitaciones_movimiento": 1, "areas_dificultad": "lenguaje,seguridad_si_mismo", "had_convulsion": 1, "tipo_crisis": "tipo crisis", "edad_crisis": 1}}, {"model": "registro.terapia", "pk": 1, "fields": {"tipo": 1, "tiempo_terapia": "2 a\u00f1os", "descripcion": 1}}, {"model": "registro.terapia", "pk": 2, "fields": {"tipo": 1, "tiempo_terapia": "2 a\u00f1os", "descripcion": 2}}, {"model": "registro.medico", "pk": 1, "fields": {"nombres": "asd", "apellidos": "asd", "direccion": "asd", "telefonos": "23", "area": "sd", "paciente": 1}}, {"model": "registro.medico", "pk": 2, "fields": {"nombres": "asd", "apellidos": "asd", "direccion": "asd", "telefonos": "23", "area": "sd", "paciente": 2}}, {"model": "registro.medico", "pk": 3, "fields": {"nombres": "asdf", "apellidos": "apellido medico 1", "direccion": "dire ed", "telefonos": "19191919ed", "area": "area 1", "paciente": 3}}, {"model": "registro.historialmadre", "pk": 1, "fields": {"enfermedades_previas": "", "enfermedades_durante_embarazo": "", "enfermedad_cronica": "", "defunciones_fetales": 0, "hijos_nacidos_muertos": 0, "hijos_nacidos_vivos": 0, "embarazos": 1, "anticonceptivos": "", "enfermedades_antes_concepcion": ""}}, {"model": "registro.historialmadre", "pk": 2, "fields": {"enfermedades_previas": "", "enfermedades_durante_embarazo": "", "enfermedad_cronica": "", "defunciones_fetales": 0, "hijos_nacidos_muertos": 0, "hijos_nacidos_vivos": 0, "embarazos": 1, "anticonceptivos": "", "enfermedades_antes_concepcion": ""}}, {"model": "registro.historialmadre", "pk": 3, "fields": {"enfermedades_previas": "hipertension,infeccion_urinaria,otra,otra enfermedad", "enfermedades_durante_embarazo": "enfermedad_hepatica,otra,asdf", "enfermedad_cronica": "", "defunciones_fetales": 0, "hijos_nacidos_muertos": 0, "hijos_nacidos_vivos": 1, "embarazos": 1, "anticonceptivos": "", "enfermedades_antes_concepcion": "enfermedad grave"}}, {"model": "registro.gestacion", "pk": 1, "fields": {"sentimientos": "", "num_embarazo": 1, "momento_desc_embarazo": "pocos_dias", "lugar_curso_prenatal": "", "carga_horaria": "", "vacuna_tetano": false, "comunicacion_bebe": "caricias"}}, {"model": "registro.gestacion", "pk": 2, "fields": {"sentimientos": "", "num_embarazo": 1, "momento_desc_embarazo": "pocos_dias", "lugar_curso_prenatal": "", "carga_horaria": "", "vacuna_tetano": false, "comunicacion_bebe": "caricias"}}, {"model": "registro.gestacion", "pk": 3, "fields": {"sentimientos": "j\u00fabilo,ansiedad", "num_embarazo": 1, "momento_desc_embarazo": "pocos_dias", "lugar_curso_prenatal": "lugar curso", "carga_horaria": "carga curso", "vacuna_tetano": false, "comunicacion_bebe": "caricias"}}, {"model": "registro.actividad_gestacion", "pk": 1, "fields": {"periodo": 2, "nombre_actividad": "Fumar", "gestacion": 3}}, {"model": "registro.actividad_gestacion", "pk": 2, "fields": {"periodo": 1, "nombre_actividad": "Ingerir Alcohol", "gestacion": 3}}, {"model": "registro.situacion_gestacion", "pk": 1, "fields": {"periodo": 1, "nombre_situacion": "Sangrados", "gestacion": 3}}, {"model": "registro.situacion_gestacion", "pk": 2, "fields": {"periodo": 2, "nombre_situacion": "Enfermedades infecciosas", "gestacion": 3}}, {"model": "registro.situacion_gestacion", "pk": 3, "fields": {"periodo": 1, "nombre_situacion": "Crisis epil\u00e9pticas", "gestacion": 3}}, {"model": "registro.nacimiento", "pk": 1, "fields": {"tipo_lugar_nacimiento": 2, "nombre_lugar_nacimiento": "aaaa", "semana_gestacion": 2, "metodo_nacimiento": "[u'Episiotom\\xeda']", "manera_inicio_parto": 0, "tipo_ruptura_fuente": 0, "sentimientos_parto": "aaaa", "sentimientos_nacimiento": "aaaa", "duracion_nacimiento": 23, "gemelar": false, "primera_parte_cuerpo": 1, "complicaciones": "[u'Anestesia General']", "medicamentos_parto": false, "complicaciones_cordon": false}}, {"model": "registro.nacimiento", "pk": 2, "fields": {"tipo_lugar_nacimiento": 2, "nombre_lugar_nacimiento": "aaaa", "semana_gestacion": 2, "metodo_nacimiento": "[u'Episiotom\\xeda']", "manera_inicio_parto": 0, "tipo_ruptura_fuente": 0, "sentimientos_parto": "aaaa", "sentimientos_nacimiento": "aaaa", "duracion_nacimiento": 23, "gemelar": false, "primera_parte_cuerpo": 1, "complicaciones": "[u'Anestesia General']", "medicamentos_parto": false, "complicaciones_cordon": false}}, {"model": "registro.nacimiento", "pk": 3, "fields": {"tipo_lugar_nacimiento": 1, "nombre_lugar_nacimiento": "nombre institucion", "semana_gestacion": 36, "metodo_nacimiento": "Episiotom\u00eda", "manera_inicio_parto": 1, "tipo_ruptura_fuente": 1, "sentimientos_parto": "sentimiento labor 1 edited", "sentimientos_nacimiento": "asdf", "duracion_nacimiento": 12, "gemelar": false, "primera_parte_cuerpo": 1, "complicaciones": "Ruptura Uterina", "medicamentos_parto": true, "complicaciones_cordon": false}}, {"model": "registro.familiar", "pk": 1, "fields": {"parentesco": "asdASD", "nombres": "asd", "apellidos": "ads", "nivel_estudio": 1, "direccion": "asd", "telefonos": "assa", "empresa": "asd", "direccion_empresa": "asd", "jornada": 2, "paciente": 1}}, {"model": "registro.familiar", "pk": 2, "fields": {"parentesco": "asdASD", "nombres": "asd", "apellidos": "ads", "nivel_estudio": 1, "direccion": "asd", "telefonos": "assa", "empresa": "asd", "direccion_empresa": "asd", "jornada": 2, "paciente": 2}}, {"model": "registro.familiar", "pk": 3, "fields": {"parentesco": "padre edited", "nombres": "asdf", "apellidos": "asdf", "nivel_estudio": 0, "direccion": "direccicon", "telefonos": "telef", "empresa": "asdfsad", "direccion_empresa": "direc empresaed", "jornada": 1, "paciente": 3}}, {"model": "registro.datosfamiliaresotros", "pk": 1, "fields": {"numero_hermanos": 2, "transtorno_hermanos": false, "hermano_transtorno": null, "transtorno": "", "alteracion_desarrollo": null, "tipo_enfermedad_parientes": "asas", "orientacion_a_institucion": "Invitaci\u00f3n de un conocido"}}, {"model": "registro.datosfamiliaresotros", "pk": 2, "fields": {"numero_hermanos": 2, "transtorno_hermanos": false, "hermano_transtorno": null, "transtorno": "", "alteracion_desarrollo": null, "tipo_enfermedad_parientes": "asas", "orientacion_a_institucion": "Invitaci\u00f3n de un conocido"}}, {"model": "registro.datosfamiliaresotros", "pk": 3, "fields": {"numero_hermanos": 2, "transtorno_hermanos": true, "hermano_transtorno": 1, "transtorno": "transtorno", "alteracion_desarrollo": true, "tipo_enfermedad_parientes": "enfermedad 1 edited", "orientacion_a_institucion": "Otro,asdf"}}, {"model": "registro.hermano", "pk": 1, "fields": {"nombres": "asdf", "apellidos": "asdf", "fecha_nacimiento": "2016-06-14", "datos_familiares": 3}}, {"model": "registro.reciennacido", "pk": 1, "fields": {"edad_madre": 2, "edad_padre": 2, "peso": 123.0, "tamanio": 123.0, "diametro_encefalico": 123.0, "apgar_score": 4, "complicaciones_nacimiento": "Alguna medicina intravenosa", "tiempo_apego_precoz": 2, "tiempo_sostener_bebe": 5, "tiempo_internado": "00:00:00", "tipo_contacto": 3, "primera_lactancia": 1}}, {"model": "registro.reciennacido", "pk": 2, "fields": {"edad_madre": 2, "edad_padre": 2, "peso": 123.0, "tamanio": 123.0, "diametro_encefalico": 123.0, "apgar_score": 4, "complicaciones_nacimiento": "Alguna medicina intravenosa", "tiempo_apego_precoz": 2, "tiempo_sostener_bebe": 5, "tiempo_internado": "00:00:00", "tipo_contacto": 3, "primera_lactancia": 1}}, {"model": "registro.reciennacido", "pk": 3, "fields": {"edad_madre": 17, "edad_padre": 17, "peso": 12.0, "tamanio": 12.0, "diametro_encefalico": 12.0, "apgar_score": 2, "complicaciones_nacimiento": "Alguna medicina intravenosa,Otro,32", "tiempo_apego_precoz": 1, "tiempo_sostener_bebe": 1, "tiempo_internado": "12:00:00", "tipo_contacto": 3, "primera_lactancia": 1}}, {"model": "registro.alimentacioncostumbres", "pk": 1, "fields": {"tiempo_leche_materna": null, "motivo_suspencion_lactancia": null, "afecciones": "Deposiciones L\u00edquidas", "enfermedades": "Fiebre no determinada por m\u00e1s de 5 d\u00edas", "edad_alimentacion_complementaria": 2, "forma_alimento": "Cocido", "lugar_desayuno": "asas", "lugar_comida_media_manana": "asas", "lugar_almuerzo": "asas", "lugar_comida_media_tarde": "asas", "lugar_cena": "asas", "lugar_comida_otro": "asas", "alimento_preferido": "asas", "alimento_rechazado": "asas", "apetito": 0, "motivo_cambios_alimentacion": ""}}, {"model": "registro.alimentacioncostumbres", "pk": 2, "fields": {"tiempo_leche_materna": null, "motivo_suspencion_lactancia": null, "afecciones": "Deposiciones L\u00edquidas", "enfermedades": "Fiebre no determinada por m\u00e1s de 5 d\u00edas", "edad_alimentacion_complementaria": 2, "forma_alimento": "Cocido", "lugar_desayuno": "asas", "lugar_comida_media_manana": "asas", "lugar_almuerzo": "asas", "lugar_comida_media_tarde": "asas", "lugar_cena": "asas", "lugar_comida_otro": "asas", "alimento_preferido": "asas", "alimento_rechazado": "asas", "apetito": 0, "motivo_cambios_alimentacion": ""}}, {"model": "registro.alimentacioncostumbres", "pk": 3, "fields": {"tiempo_leche_materna": null, "motivo_suspencion_lactancia": null, "afecciones": "Estre\u00f1imiento,Deposiciones L\u00edquidas", "enfermedades": "Fiebre no determinada por m\u00e1s de 5 d\u00edas,Otro,otra enfermedad 1", "edad_alimentacion_complementaria": 21, "forma_alimento": "Licuado", "lugar_desayuno": "asdf", "lugar_comida_media_manana": "asdf", "lugar_almuerzo": "almu 1", "lugar_comida_media_tarde": "asf", "lugar_cena": "asdfasdf", "lugar_comida_otro": "otro", "alimento_preferido": "asdfsadf", "alimento_rechazado": "asdfasdf", "apetito": 2, "motivo_cambios_alimentacion": "cambios"}}, {"model": "registro.primerosdias", "pk": 1, "fields": {"clinica_permanencia": "", "dias_permanencia": null, "situaciones_despues_nacimiento": "", "icteria": false, "tratamiento_icteria": "", "examenes": "", "veces_despertar_noche": 0, "lugar_dormir": 2, "descripcion_bebe": "asas", "descripcion_madre": "asas"}}, {"model": "registro.primerosdias", "pk": 2, "fields": {"clinica_permanencia": "", "dias_permanencia": null, "situaciones_despues_nacimiento": "", "icteria": false, "tratamiento_icteria": "", "examenes": "", "veces_despertar_noche": 0, "lugar_dormir": 2, "descripcion_bebe": "asas", "descripcion_madre": "asas"}}, {"model": "registro.primerosdias", "pk": 3, "fields": {"clinica_permanencia": "clinica", "dias_permanencia": 21, "situaciones_despues_nacimiento": "Respirador Artificial,Otro,Otra enfermedad", "icteria": true, "tratamiento_icteria": "tratamiento", "examenes": "Prueba de tal\u00f3n,Otro,otro examen", "veces_despertar_noche": 21, "lugar_dormir": 1, "descripcion_bebe": "descripcion bebe 1veasdf", "descripcion_madre": "descripcion madre 1"}}, {"model": "registro.paciente", "pk": 1, "fields": {"nombres": "Juan", "apellidos": "Perz", "lugar_nacimiento": "Guayaquil", "fecha_nacimiento": "2016-04-20", "fecha_registro": "2016-04-08", "nacionalidad": "Ecuatoriano", "grupo_sanguineo": "B-", "sexo": "M", "descripcion": 1, "historial_madre": 1, "gestacion": 1, "nacimiento": 1, "recien_nacido": 1, "primeros_dias": 1, "alimentacion": 1, "datos_familiares": 1}}, {"model": "registro.paciente", "pk": 2, "fields": {"nombres": "Jenna Louise", "apellidos": "Coleman", "lugar_nacimiento": "Guayaquil", "fecha_nacimiento": "2016-04-20", "fecha_registro": "2016-04-08", "nacionalidad": "Ecuatoriano", "grupo_sanguineo": "B-", "sexo": "M", "descripcion": 2, "historial_madre": 2, "gestacion": 2, "nacimiento": 2, "recien_nacido": 2, "primeros_dias": 2, "alimentacion": 2, "datos_familiares": 2}}, {"model": "registro.paciente", "pk": 3, "fields": {"nombres": "gabriel falcones", "apellidos": "apellido 1", "lugar_nacimiento": "asdf", "fecha_nacimiento": "2016-06-29", "fecha_registro": "2016-06-14", "nacionalidad": "asdf", "grupo_sanguineo": "A+", "sexo": "M", "descripcion": 3, "historial_madre": 3, "gestacion": 3, "nacimiento": 3, "recien_nacido": 3, "primeros_dias": 3, "alimentacion": 3, "datos_familiares": 3}}, {"model": "asistencia.tipo_terapia", "pk": 1, "fields": {"costo": 17.0, "nombre": "Lenguaje", "tiempo": 30}}, {"model": "asistencia.tipo_terapia", "pk": 2, "fields": {"costo": 25.0, "nombre": "Psicopedagica", "tiempo": 30}}, {"model": "asistencia.terapista", "pk": 1, "fields": {"cedula": "0987234567", "nombres": "Shirley", "apellidos": "Tamayo", "direccion": "La Joya", "telefonos": "2345567", "fecha_nacimiento": "1984-04-02"}}, {"model": "asistencia.terapista", "pk": 2, "fields": {"cedula": "0987657898", "nombres": "Esteban", "apellidos": "Alvarez", "direccion": "Sauces", "telefonos": "3212345", "fecha_nacimiento": "1989-02-18"}}, {"model": "asistencia.terapia__tipo_terapia", "pk": 1, "fields": {"terapista": 1, "tipo_terapia": 1}}, {"model": "asistencia.terapia__tipo_terapia", "pk": 2, "fields": {"terapista": 1, "tipo_terapia": 2}}, {"model": "asistencia.terapia__tipo_terapia", "pk": 3, "fields": {"terapista": 2, "tipo_terapia": 1}}, {"model": "asistencia.terapia__tipo_terapia", "pk": 4, "fields": {"terapista": 2, "tipo_terapia": 2}}, {"model": "auth.permission", "pk": 1, "fields": {"name": "Can add log entry", "content_type": 1, "codename": "add_logentry"}}, {"model": "auth.permission", "pk": 2, "fields": {"name": "Can change log entry", "content_type": 1, "codename": "change_logentry"}}, {"model": "auth.permission", "pk": 3, "fields": {"name": "Can delete log entry", "content_type": 1, "codename": "delete_logentry"}}, {"model": "auth.permission", "pk": 4, "fields": {"name": "Can add permission", "content_type": 2, "codename": "add_permission"}}, {"model": "auth.permission", "pk": 5, "fields": {"name": "Can change permission", "content_type": 2, "codename": "change_permission"}}, {"model": "auth.permission", "pk": 6, "fields": {"name": "Can delete permission", "content_type": 2, "codename": "delete_permission"}}, {"model": "auth.permission", "pk": 7, "fields": {"name": "Can add group", "content_type": 3, "codename": "add_group"}}, {"model": "auth.permission", "pk": 8, "fields": {"name": "Can change group", "content_type": 3, "codename": "change_group"}}, {"model": "auth.permission", "pk": 9, "fields": {"name": "Can delete group", "content_type": 3, "codename": "delete_group"}}, {"model": "auth.permission", "pk": 10, "fields": {"name": "Can add user", "content_type": 4, "codename": "add_user"}}, {"model": "auth.permission", "pk": 11, "fields": {"name": "Can change user", "content_type": 4, "codename": "change_user"}}, {"model": "auth.permission", "pk": 12, "fields": {"name": "Can delete user", "content_type": 4, "codename": "delete_user"}}, {"model": "auth.permission", "pk": 13, "fields": {"name": "Can add content type", "content_type": 5, "codename": "add_contenttype"}}, {"model": "auth.permission", "pk": 14, "fields": {"name": "Can change content type", "content_type": 5, "codename": "change_contenttype"}}, {"model": "auth.permission", "pk": 15, "fields": {"name": "Can delete content type", "content_type": 5, "codename": "delete_contenttype"}}, {"model": "auth.permission", "pk": 16, "fields": {"name": "Can add session", "content_type": 6, "codename": "add_session"}}, {"model": "auth.permission", "pk": 17, "fields": {"name": "Can change session", "content_type": 6, "codename": "change_session"}}, {"model": "auth.permission", "pk": 18, "fields": {"name": "Can delete session", "content_type": 6, "codename": "delete_session"}}, {"model": "auth.permission", "pk": 19, "fields": {"name": "Can add descripcion", "content_type": 7, "codename": "add_descripcion"}}, {"model": "auth.permission", "pk": 20, "fields": {"name": "Can change descripcion", "content_type": 7, "codename": "change_descripcion"}}, {"model": "auth.permission", "pk": 21, "fields": {"name": "Can delete descripcion", "content_type": 7, "codename": "delete_descripcion"}}, {"model": "auth.permission", "pk": 22, "fields": {"name": "Can add terapia", "content_type": 8, "codename": "add_terapia"}}, {"model": "auth.permission", "pk": 23, "fields": {"name": "Can change terapia", "content_type": 8, "codename": "change_terapia"}}, {"model": "auth.permission", "pk": 24, "fields": {"name": "Can delete terapia", "content_type": 8, "codename": "delete_terapia"}}, {"model": "auth.permission", "pk": 25, "fields": {"name": "Can add medicamento", "content_type": 9, "codename": "add_medicamento"}}, {"model": "auth.permission", "pk": 26, "fields": {"name": "Can change medicamento", "content_type": 9, "codename": "change_medicamento"}}, {"model": "auth.permission", "pk": 27, "fields": {"name": "Can delete medicamento", "content_type": 9, "codename": "delete_medicamento"}}, {"model": "auth.permission", "pk": 28, "fields": {"name": "Can add medico", "content_type": 10, "codename": "add_medico"}}, {"model": "auth.permission", "pk": 29, "fields": {"name": "Can change medico", "content_type": 10, "codename": "change_medico"}}, {"model": "auth.permission", "pk": 30, "fields": {"name": "Can delete medico", "content_type": 10, "codename": "delete_medico"}}, {"model": "auth.permission", "pk": 31, "fields": {"name": "Can add historial madre", "content_type": 11, "codename": "add_historialmadre"}}, {"model": "auth.permission", "pk": 32, "fields": {"name": "Can change historial madre", "content_type": 11, "codename": "change_historialmadre"}}, {"model": "auth.permission", "pk": 33, "fields": {"name": "Can delete historial madre", "content_type": 11, "codename": "delete_historialmadre"}}, {"model": "auth.permission", "pk": 34, "fields": {"name": "Can add gestacion", "content_type": 12, "codename": "add_gestacion"}}, {"model": "auth.permission", "pk": 35, "fields": {"name": "Can change gestacion", "content_type": 12, "codename": "change_gestacion"}}, {"model": "auth.permission", "pk": 36, "fields": {"name": "Can delete gestacion", "content_type": 12, "codename": "delete_gestacion"}}, {"model": "auth.permission", "pk": 37, "fields": {"name": "Can add actividad_ gestacion", "content_type": 13, "codename": "add_actividad_gestacion"}}, {"model": "auth.permission", "pk": 38, "fields": {"name": "Can change actividad_ gestacion", "content_type": 13, "codename": "change_actividad_gestacion"}}, {"model": "auth.permission", "pk": 39, "fields": {"name": "Can delete actividad_ gestacion", "content_type": 13, "codename": "delete_actividad_gestacion"}}, {"model": "auth.permission", "pk": 40, "fields": {"name": "Can add situacion_ gestacion", "content_type": 14, "codename": "add_situacion_gestacion"}}, {"model": "auth.permission", "pk": 41, "fields": {"name": "Can change situacion_ gestacion", "content_type": 14, "codename": "change_situacion_gestacion"}}, {"model": "auth.permission", "pk": 42, "fields": {"name": "Can delete situacion_ gestacion", "content_type": 14, "codename": "delete_situacion_gestacion"}}, {"model": "auth.permission", "pk": 43, "fields": {"name": "Can add nacimiento", "content_type": 15, "codename": "add_nacimiento"}}, {"model": "auth.permission", "pk": 44, "fields": {"name": "Can change nacimiento", "content_type": 15, "codename": "change_nacimiento"}}, {"model": "auth.permission", "pk": 45, "fields": {"name": "Can delete nacimiento", "content_type": 15, "codename": "delete_nacimiento"}}, {"model": "auth.permission", "pk": 46, "fields": {"name": "Can add familiar", "content_type": 16, "codename": "add_familiar"}}, {"model": "auth.permission", "pk": 47, "fields": {"name": "Can change familiar", "content_type": 16, "codename": "change_familiar"}}, {"model": "auth.permission", "pk": 48, "fields": {"name": "Can delete familiar", "content_type": 16, "codename": "delete_familiar"}}, {"model": "auth.permission", "pk": 49, "fields": {"name": "Can add datos familiares otros", "content_type": 17, "codename": "add_datosfamiliaresotros"}}, {"model": "auth.permission", "pk": 50, "fields": {"name": "Can change datos familiares otros", "content_type": 17, "codename": "change_datosfamiliaresotros"}}, {"model": "auth.permission", "pk": 51, "fields": {"name": "Can delete datos familiares otros", "content_type": 17, "codename": "delete_datosfamiliaresotros"}}, {"model": "auth.permission", "pk": 52, "fields": {"name": "Can add hermano", "content_type": 18, "codename": "add_hermano"}}, {"model": "auth.permission", "pk": 53, "fields": {"name": "Can change hermano", "content_type": 18, "codename": "change_hermano"}}, {"model": "auth.permission", "pk": 54, "fields": {"name": "Can delete hermano", "content_type": 18, "codename": "delete_hermano"}}, {"model": "auth.permission", "pk": 55, "fields": {"name": "Can add recien nacido", "content_type": 19, "codename": "add_reciennacido"}}, {"model": "auth.permission", "pk": 56, "fields": {"name": "Can change recien nacido", "content_type": 19, "codename": "change_reciennacido"}}, {"model": "auth.permission", "pk": 57, "fields": {"name": "Can delete recien nacido", "content_type": 19, "codename": "delete_reciennacido"}}, {"model": "auth.permission", "pk": 58, "fields": {"name": "Can add alimentacion costumbres", "content_type": 20, "codename": "add_alimentacioncostumbres"}}, {"model": "auth.permission", "pk": 59, "fields": {"name": "Can change alimentacion costumbres", "content_type": 20, "codename": "change_alimentacioncostumbres"}}, {"model": "auth.permission", "pk": 60, "fields": {"name": "Can delete alimentacion costumbres", "content_type": 20, "codename": "delete_alimentacioncostumbres"}}, {"model": "auth.permission", "pk": 61, "fields": {"name": "Can add suplemento alimenticio", "content_type": 21, "codename": "add_suplementoalimenticio"}}, {"model": "auth.permission", "pk": 62, "fields": {"name": "Can change suplemento alimenticio", "content_type": 21, "codename": "change_suplementoalimenticio"}}, {"model": "auth.permission", "pk": 63, "fields": {"name": "Can delete suplemento alimenticio", "content_type": 21, "codename": "delete_suplementoalimenticio"}}, {"model": "auth.permission", "pk": 64, "fields": {"name": "Can add primeros dias", "content_type": 22, "codename": "add_primerosdias"}}, {"model": "auth.permission", "pk": 65, "fields": {"name": "Can change primeros dias", "content_type": 22, "codename": "change_primerosdias"}}, {"model": "auth.permission", "pk": 66, "fields": {"name": "Can delete primeros dias", "content_type": 22, "codename": "delete_primerosdias"}}, {"model": "auth.permission", "pk": 67, "fields": {"name": "Can add paciente", "content_type": 23, "codename": "add_paciente"}}, {"model": "auth.permission", "pk": 68, "fields": {"name": "Can change paciente", "content_type": 23, "codename": "change_paciente"}}, {"model": "auth.permission", "pk": 69, "fields": {"name": "Can delete paciente", "content_type": 23, "codename": "delete_paciente"}}, {"model": "auth.permission", "pk": 70, "fields": {"name": "Can add cita", "content_type": 24, "codename": "add_cita"}}, {"model": "auth.permission", "pk": 71, "fields": {"name": "Can change cita", "content_type": 24, "codename": "change_cita"}}, {"model": "auth.permission", "pk": 72, "fields": {"name": "Can delete cita", "content_type": 24, "codename": "delete_cita"}}, {"model": "auth.permission", "pk": 73, "fields": {"name": "Can add tipo_terapia", "content_type": 25, "codename": "add_tipo_terapia"}}, {"model": "auth.permission", "pk": 74, "fields": {"name": "Can change tipo_terapia", "content_type": 25, "codename": "change_tipo_terapia"}}, {"model": "auth.permission", "pk": 75, "fields": {"name": "Can delete tipo_terapia", "content_type": 25, "codename": "delete_tipo_terapia"}}, {"model": "auth.permission", "pk": 76, "fields": {"name": "Can add terapista", "content_type": 26, "codename": "add_terapista"}}, {"model": "auth.permission", "pk": 77, "fields": {"name": "Can change terapista", "content_type": 26, "codename": "change_terapista"}}, {"model": "auth.permission", "pk": 78, "fields": {"name": "Can delete terapista", "content_type": 26, "codename": "delete_terapista"}}, {"model": "auth.permission", "pk": 79, "fields": {"name": "Can add terapia__ tipo_terapia", "content_type": 27, "codename": "add_terapia__tipo_terapia"}}, {"model": "auth.permission", "pk": 80, "fields": {"name": "Can change terapia__ tipo_terapia", "content_type": 27, "codename": "change_terapia__tipo_terapia"}}, {"model": "auth.permission", "pk": 81, "fields": {"name": "Can delete terapia__ tipo_terapia", "content_type": 27, "codename": "delete_terapia__tipo_terapia"}}, {"model": "auth.group", "pk": 1, "fields": {"name": "pagos", "permissions": []}}, {"model": "auth.group", "pk": 2, "fields": {"name": "registro", "permissions": [37, 38, 39, 58, 59, 60, 49, 50, 51, 19, 20, 21, 46, 47, 48, 34, 35, 36, 52, 53, 54, 31, 32, 33, 25, 26, 27, 28, 29, 30, 43, 44, 45, 67, 68, 69, 64, 65, 66, 55, 56, 57, 40, 41, 42, 61, 62, 63, 22, 23, 24]}}, {"model": "auth.group", "pk": 3, "fields": {"name": "cita", "permissions": [79, 80, 81, 76, 77, 78, 73, 74, 75, 70, 71, 72]}}, {"model": "auth.user", "pk": 1, "fields": {"password": "pbkdf2_sha256$24000$zwNIiPsthJCN$3LmQ9QYTSFjpTkdEZ7SL2xn9LGL281iR0XpF0yZZ4xs=", "last_login": "2016-06-19T16:54:12.091Z", "is_superuser": true, "username": "ruben", "first_name": "Rub\u00e9n", "last_name": "Carvajal", "email": "ruben@ruben.com", "is_staff": true, "is_active": true, "date_joined": "2016-04-08T15:57:37Z", "groups": [1, 2, 3], "user_permissions": []}}, {"model": "auth.user", "pk": 2, "fields": {"password": "pbkdf2_sha256$24000$mn55KrDFiM2U$GOlE7XaWd2JC4ghlP4HuFWDWv/+E5cBpRui1+cLzKiU=", "last_login": "2016-06-16T16:39:54.686Z", "is_superuser": false, "username": "charlie", "first_name": "Charlie", "last_name": "Medina", "email": "charlie@charlie.com", "is_staff": false, "is_active": true, "date_joined": "2016-04-08T16:39:09.961Z", "groups": [1, 2], "user_permissions": []}}, {"model": "auth.user", "pk": 3, "fields": {"password": "pbkdf2_sha256$24000$aqdW5HxtyDzW$k8NFbcLgcb1ULSVIZhuVgh6shs1xeWLJhDgot0fPoDI=", "last_login": null, "is_superuser": false, "username": "Cesar", "first_name": "Cesar", "last_name": "Cesar", "email": "dhhd@hdhd.com", "is_staff": false, "is_active": true, "date_joined": "2016-04-14T00:48:49.927Z", "groups": [1, 2, 3], "user_permissions": []}}, {"model": "auth.user", "pk": 4, "fields": {"password": "pbkdf2_sha256$24000$bg2erSbTa9Gb$bdeXz8LJZfVlAZLkJ7FHwNgBbMvflrKObRAUCviuaRM=", "last_login": null, "is_superuser": false, "username": "rty", "first_name": "rty", "last_name": "rty", "email": "rty@rty.com", "is_staff": false, "is_active": true, "date_joined": "2016-04-14T00:49:59.308Z", "groups": [1, 2, 3], "user_permissions": []}}, {"model": "auth.user", "pk": 5, "fields": {"password": "pbkdf2_sha256$24000$UIGb4f8GeRqI$x2acVzz8pgxDiNOoTZOINQ8pJWl3rnQdWpARmSIyXMU=", "last_login": null, "is_superuser": false, "username": "rty2", "first_name": "rty2", "last_name": "rty2", "email": "rty@rty.com", "is_staff": false, "is_active": true, "date_joined": "2016-04-14T00:53:11.652Z", "groups": [1, 2, 3], "user_permissions": []}}, {"model": "auth.user", "pk": 6, "fields": {"password": "pbkdf2_sha256$24000$fvuX43eZV2Ur$I9rFNObBoyCdcX6nq1gEcnZahGKKLZvpsvc3ThrO+Nc=", "last_login": null, "is_superuser": false, "username": "rty3", "first_name": "rty3", "last_name": "rty3", "email": "rty@rty.com", "is_staff": false, "is_active": true, "date_joined": "2016-04-14T00:57:15.703Z", "groups": [1, 2, 3], "user_permissions": []}}, {"model": "admin.logentry", "pk": 1, "fields": {"action_time": "2016-04-08T15:58:39.945Z", "user": 1, "content_type": 3, "object_id": "1", "object_repr": "pagos", "action_flag": 1, "change_message": "A\u00f1adido."}}, {"model": "admin.logentry", "pk": 2, "fields": {"action_time": "2016-04-08T15:59:01.426Z", "user": 1, "content_type": 3, "object_id": "2", "object_repr": "registro", "action_flag": 1, "change_message": "A\u00f1adido."}}, {"model": "admin.logentry", "pk": 3, "fields": {"action_time": "2016-04-08T16:01:27.419Z", "user": 1, "content_type": 3, "object_id": "3", "object_repr": "cita", "action_flag": 1, "change_message": "A\u00f1adido."}}, {"model": "admin.logentry", "pk": 4, "fields": {"action_time": "2016-04-08T16:02:30.523Z", "user": 1, "content_type": 4, "object_id": "1", "object_repr": "ruben", "action_flag": 2, "change_message": "Modificado/a first_name, last_name y groups."}}, {"model": "admin.logentry", "pk": 5, "fields": {"action_time": "2016-04-08T16:20:25.041Z", "user": 1, "content_type": 26, "object_id": "1", "object_repr": "Tamayo Shirley", "action_flag": 1, "change_message": "A\u00f1adido."}}, {"model": "admin.logentry", "pk": 6, "fields": {"action_time": "2016-04-08T16:20:53.143Z", "user": 1, "content_type": 26, "object_id": "2", "object_repr": "Alvarez Esteban", "action_flag": 1, "change_message": "A\u00f1adido."}}, {"model": "admin.logentry", "pk": 7, "fields": {"action_time": "2016-04-08T16:21:31.496Z", "user": 1, "content_type": 25, "object_id": "1", "object_repr": "Lenguaje", "action_flag": 1, "change_message": "A\u00f1adido."}}, {"model": "admin.logentry", "pk": 8, "fields": {"action_time": "2016-04-08T16:21:44.084Z", "user": 1, "content_type": 25, "object_id": "2", "object_repr": "Psicopedagica", "action_flag": 1, "change_message": "A\u00f1adido."}}, {"model": "admin.logentry", "pk": 9, "fields": {"action_time": "2016-04-08T16:23:20.997Z", "user": 1, "content_type": 27, "object_id": "1", "object_repr": "Terapia__Tipo_terapia object", "action_flag": 1, "change_message": "A\u00f1adido."}}, {"model": "admin.logentry", "pk": 10, "fields": {"action_time": "2016-04-08T16:23:26.586Z", "user": 1, "content_type": 27, "object_id": "2", "object_repr": "Terapia__Tipo_terapia object", "action_flag": 1, "change_message": "A\u00f1adido."}}, {"model": "admin.logentry", "pk": 11, "fields": {"action_time": "2016-04-08T16:23:32.853Z", "user": 1, "content_type": 27, "object_id": "3", "object_repr": "Terapia__Tipo_terapia object", "action_flag": 1, "change_message": "A\u00f1adido."}}, {"model": "admin.logentry", "pk": 12, "fields": {"action_time": "2016-04-08T16:23:38.654Z", "user": 1, "content_type": 27, "object_id": "4", "object_repr": "Terapia__Tipo_terapia object", "action_flag": 1, "change_message": "A\u00f1adido."}}, {"model": "admin.logentry", "pk": 13, "fields": {"action_time": "2016-04-08T16:28:21.120Z", "user": 1, "content_type": 23, "object_id": "1", "object_repr": "Perz Juan", "action_flag": 2, "change_message": "Modificado/a apellidos."}}, {"model": "admin.logentry", "pk": 14, "fields": {"action_time": "2016-04-08T16:33:42.697Z", "user": 1, "content_type": 24, "object_id": "1", "object_repr": "Perz Juan", "action_flag": 1, "change_message": "A\u00f1adido."}}, {"model": "admin.logentry", "pk": 15, "fields": {"action_time": "2016-04-08T16:33:52.085Z", "user": 1, "content_type": 24, "object_id": "2", "object_repr": "Perz Juan", "action_flag": 1, "change_message": "A\u00f1adido."}}, {"model": "admin.logentry", "pk": 16, "fields": {"action_time": "2016-04-08T16:34:01.018Z", "user": 1, "content_type": 24, "object_id": "3", "object_repr": "Perz Juan", "action_flag": 1, "change_message": "A\u00f1adido."}}, {"model": "admin.logentry", "pk": 17, "fields": {"action_time": "2016-04-08T16:37:27.695Z", "user": 1, "content_type": 24, "object_id": "4", "object_repr": "Coleman Jenna Louise", "action_flag": 1, "change_message": "A\u00f1adido."}}]